week,flags(non climax/ext),recent4w_spreads_%(newest first),reasoning_excerpt
2025-07-12,volume_contraction_on_advance,"[15.9, 9.5, 20.1, 9.2]","**시장 컨텍스트** KOSPI confirmed_uptrend, follow-through day 2025-06-04(37일 전), 분배일 2개(25세션), 200일선 상회 77.9% — 시장 자체는 진입에 우호적. 다만 종목 고유의 과열이 결정 요인.  **Base 구조** 2024년 중반 고점 248,500 → 저점 144,700 까지 약 41.8% 하락 후 약 9개월 회복(U형). d"
2025-07-19,wide_and_loose,"[13.3, 15.9, 9.5, 20.1]","**시장 컨텍스트** KOSPI confirmed_uptrend, 분배일 25세션 중 2개(임계 5 미만), FTD 2025-06-04(44일 경과), 200일선 상회 77%. 시장 자체는 진입에 우호적 — 강등 사유는 시장이 아니라 종목 구조다.  **Base 구조** 프로퍼 베이스 없음(none). 4~5월 ~184,000에서 7/11 고점 306,500까지 약 +66% 급등 후 12% "
2025-11-01,late_stage_base,"[13.8, 10.2, 17.9, 5.5]","**시장 컨텍스트** KOSPI confirmed_uptrend, distribution 3개(≤3 양호), follow-through 2일 전(10/29), 200d MA breadth 56%. 시장 방향 자체는 진입에 우호적이나, 시장 우호성이 종목의 구조적 결함을 상쇄하지는 못함.  **Base 구조** 2024H2~2025년 중반 장기 횡보 base(~170~210K) 후 7월 돌파,"
2025-11-29,late_stage_base,"[11.0, 17.9, 15.4, 17.3]","**시장 컨텍스트** KOSPI confirmed_uptrend, distribution day 2/25(양호), FTD 2025-11-03(25일 전), 200d MA 상회 55.7%. 시장 자체는 진입 우호적이나, O'Neil의 'M'은 필요조건일 뿐 개별 종목의 climax 결함을 상쇄하지 못함.  **Base 구조** 패턴 none — 매수 가능한 베이스 부재. 2025-04 저점(~"
2025-12-13,wide_and_loose,"[11.3, 6.5, 11.0, 17.9]","**시장 컨텍스트** KOSPI confirmed_uptrend, 분배일 3/25 (≤3, 양호), follow-through 12-02(10일 전), 200일선 상회 64%. 시장 방향은 진입에 우호적이라 §3.5 강등은 없음. 단, 시장이 좋아도 종목 셋업이 climax면 ignore 가 우선.  **Base 구조** 정상 base 부재 → pattern=none. 약 9~10주 만에 2"
2025-12-20,wide_and_loose,"[8.6, 11.3, 6.5, 11.0]","**시장 컨텍스트** KOSPI confirmed_uptrend, 최근 25세션 분산일 4개(5개 강등 임계 직전), follow-through 46일 경과, 200일선 상회 종목 61.7%. 시장 방향 자체는 진입 우호적이나 분산일 누적이 높아 종목 고유 리스크가 시장보다 지배적.  **Base 구조** 9월말 ~336k→11월 52주 신고가 646k, 약 7주 +92% 수직 상승(clim"
2026-01-10,late_stage_base,"[17.4, 8.6, 6.7, 8.6]","**시장 컨텍스트** KOSPI confirmed_uptrend, 분산일 4/25(5 미만), FTD 2026-01-05(4일 전), 200일선 상회 44.1%. 시장 자체는 진입 우호적이며 강등 사유는 아님 — 문제는 종목 구조에 있음.  **Base 구조** 패턴 none. 현 가격대에 정상 base 부재 — 2025-04 저점 162,700→744,000(+357%)의 Stage 2 후"
2026-01-17,late_stage_base,"[5.4, 17.4, 8.6, 6.7]","**시장 컨텍스트** KOSPI confirmed_uptrend(확정 상승추세). 25세션 중 distribution day 3개(≤3, 양호), follow-through day 2026-01-05(11일 전), 200일선 위 종목 50.1%. 시장 방향 자체는 진입에 우호적 — 셋업만 맞으면 entry 가능한 환경(§3.5).  **Base 구조** 선행상승 +384%(52w저 162,7"
2026-01-31,late_stage_base,"[27.0, 6.6, 5.4, 17.4]","**시장 컨텍스트** KOSPI는 confirmed_uptrend, 최근 25세션 distribution 1개(≤3, 양호), follow-through 2026-01-27(3일 전), 200d MA breadth 56.9%. 시장 방향 자체는 진입에 우호적이다. 다만 시장 우호 여부와 무관하게 종목 구조가 매수를 막는다.  **Base 구조** 식별 가능한 정상 base 없음. 차트는 52"
2026-02-07,late_stage_base,"[14.7, 27.0, 6.6, 5.4]","**시장 컨텍스트** KOSPI confirmed_uptrend, 최근 25세션 분배일 2개(≤3), follow-through 2026-02-03(3일 전), 200일선 상회 57.5%. 시장 방향 자체는 진입에 우호적 — O'Neil 'M' 통과, 시장 탓 강등 요인은 없음.  **Base 구조** 2025-09 약 280,000원에서 2026-01-30 고점 931,000원까지 ~4개월"
2026-02-14,late_stage_base|volume_contraction_on_advance,"[6.7, 14.7, 27.0, 6.6]","**시장 컨텍스트** KOSPI는 confirmed_uptrend(확정 상승추세), 분배일 25세션 중 2회(<5), follow-through day 2026-02-03(10일 전), 200일선 상회 66.4%. 시장 방향(O'Neil 'M')은 종목 진입에 우호적이라 §3.5 강등 게이트는 작동하지 않음 — 결격 사유는 종목 자체에 있음.  **Base 구조** 정상 base 없음(pat"
2026-02-21,late_stage_base|volume_contraction_on_advance,"[8.4, 6.7, 14.7, 27.0]","**시장 컨텍스트** KOSPI는 confirmed_uptrend, 분배일 2/25회(≤3 양호), follow-through 당일(2026-02-20), 200일선 상회 비율 71.5%. 시장 방향은 진입에 우호적이므로 분류를 제약하는 요인은 시장이 아니라 종목 자체 구조다.  **Base 구조** pattern=none. 최근 1년 162,700→949,000(약 5.8배)의 거의 수직 "
2026-03-07,late_stage_base,"[22.9, 16.8, 8.4, 6.7]","**시장 컨텍스트** KOSPI confirmed_uptrend, 시장 distribution 3개(25세션, 5 미만), FTD 2026-03-05(1일 전), 200일선 상회 54.9%. 시장 방향은 진입에 우호적 — 문제는 시장이 아니라 종목 구조다.  **Base 구조** 정상 base 없음(pattern=none). 주봉상 2025년 중반 ~250,000원→2026-02-26 고점 "
2026-03-14,late_stage_base|volume_contraction_on_advance,"[21.9, 22.9, 16.8, 8.4]","**시장 컨텍스트** KOSPI confirmed_uptrend, 분배일 4/25 (5 미만), follow-through 2026-03-05(8일 전), 200일선 상회 56.2%. 시장 방향은 우호적 — 진입 제약 요인은 시장이 아니라 종목 자체다.  **Base 구조** 패턴 없음(none). 주봉상 52주 저점 162.7천→고점 1,099천(약 +575%)의 거대한 Stage 2 후반"
2026-03-21,late_stage_base|wide_and_loose,"[14.7, 21.9, 22.9, 16.8]","**시장 컨텍스트** KOSPI confirmed_uptrend, follow-through day 2026-03-18(2일 전), distribution day 4/25 세션(5 미만이나 다소 누적), 200일선 상회 60.9%. 시장 방향 자체는 진입에 우호적.  **Base 구조** 2026-02-26 고점 1,099,000 → 03-09 저점 808,000, depth 약 26.5%("
2026-03-28,late_stage_base|unfavorable_market_context|wide_and_loose,"[18.4, 14.7, 21.9, 22.9]","**시장 컨텍스트** KOSPI confirmed_uptrend(확정 상승추세)이나 25일 중 distribution day(기관 매도일) 5회 — §3.5 '5회 이상' 기준 충족. FTD는 2026-03-18(9일 전), 200d MA 상회 종목 56.8%. 분배 5회는 entry를 watch 이하로 강등시키고 confidence를 0.15 낮춤 → 종목 진입에 비우호적.  **Base "
2026-04-18,late_stage_base|low_volume_breakout|unfavorable_market_context|wide_and_loose,"[17.8, 21.5, 13.4, 18.4]","**시장 컨텍스트** KOSPI는 correction 국면이며 최근 25일 분배일 6개(≥5, 기관 매도 누적)로 약세. 마지막 follow-through day는 2026-03-18로 30일 경과해 신선도 소진, 200일선 상회 종목 66.8%. §3.5 하드룰상 correction+분배일 6 → entry 불가(최대 watch)이며, 종목 자체 결함이 더해지면 ignore. 진입에 명백히"
2026-04-25,late_stage_base|unfavorable_market_context|volume_contraction_on_advance|wide_and_loose,"[11.0, 17.8, 21.5, 13.4]","**시장 컨텍스트** KOSPI는 confirmed_uptrend(확인된 상승추세)이나 최근 25세션 분배일 5개(≥5 = 기관 매도 경고)로 §3.5상 비우호적. follow-through는 37일 전(2026-03-18), 200일선 상회 66.5%. 시장 요인만으로도 entry는 watch 이하로 강등.  **Base 구조** 약 7배 상승(17.2만→127만)의 최말단 구간. 직전 조"
2026-05-02,late_stage_base|volume_contraction_on_advance|wide_and_loose,"[6.3, 11.0, 17.8, 21.5]","**시장 컨텍스트** KOSPI confirmed_uptrend, follow-through(03-18) 후 43일 경과. 분배일 25일 중 4개(강등 임계 5 미만), 200일선 상회 종목 66.8%. 시장 방향은 진입에 우호적 — 따라서 종목 자체 구조로 판정.  **Base 구조** 주봉상 2025년 중반 ~180k 베이스 돌파 후 현재 1,286k까지 약 7배(52w저점 +644%) "
2026-05-16,late_stage_base,"[12.0, 26.7, 6.3, 11.0]","**시장 컨텍스트** KOSPI confirmed_uptrend(확인된 상승추세), 최근 25세션 분배일 4개(5개 미만이라 강등 트리거는 아니나 다소 높음), follow-through day 2026-05-11(4일 전), 200일선 위 종목 54.4%. 시장 자체는 진입에 우호적이나, 시장 호조가 개별 종목의 과열을 정당화하지 않음.  **Base 구조** 유효한 base 없음. 202"
2026-05-23,late_stage_base,"[15.6, 12.0, 26.7, 6.3]","**시장 컨텍스트** KOSPI confirmed_uptrend, 25일 내 분배일 2개(5개 미만으로 양호), 직전 follow-through 2026-05-21(1일 전), 200일선 상회 종목 50.6%. 시장 방향 자체는 진입에 우호적 — 따라서 이 종목의 강등은 시장이 아닌 종목 자체 결함 때문.  **Base 구조** 패턴 none. 최근 약 3주 1,286k→1,941k(+51%"
2026-05-30,late_stage_base,"[18.6, 15.6, 12.0, 26.7]","**시장 컨텍스트** KOSPI는 confirmed_uptrend, distribution day 3개(≤3, 양호), follow-through day 당일(2026-05-29). 다만 200일선 상회 종목 38.3%로 시장 폭은 약한 편. 시장 방향 자체는 진입에 우호적 — 따라서 이 종목의 강등은 시장(M)이 아니라 종목 구조 문제다.  **Base 구조** 식별 가능한 정상 base "
